Customer ID,Name,Email,Telephone,City,Country,Gender,Date Of Birth,Job Title
1,Tyler Garcia,tyler.garcia@fake_gmail.com,922.970.2265x47563,New York,United States,M,7/15/2003,
2,Joshua Miller,joshua.miller@fake_gmail.com,-7855,New York,United States,M,6/16/2000,Records manager
3,Alison Marshall DDS,alison.marshall.dds@fake_hotmail.com,+1-645-567-0876x5409,New York,United States,F,7/22/2003,
4,Jeffery Acosta,jeffery.acosta@fake_yahoo.com,212.336.0912x84994,New York,United States,M,11/12/1996,Proofreader
5,Ashley Sanders,ashley.sanders@fake_hotmail.com,7814535781,New York,United States,F,2/10/1998,Exercise physiologist
6,Steven Chavez,steven.chavez@fake_yahoo.com,469.238.0828,New York,United States,M,1/6/1988,Technical brewer
7,Steven Snyder,steven.snyder@fake_gmail.com,-7274,New York,United States,M,10/27/2000,Agricultural engineer
8,Paul Walker,paul.walker@fake_hotmail.com,205.335.5074x1759,New York,United States,M,3/3/2007,
9,Edwin Bryant,edwin.bryant@fake_hotmail.com,+1-436-359-4105x40651,New York,United States,M,7/19/1999,"Biochemist, clinical"
10,Michelle Bird,michelle.bird@fake_gmail.com,+1-325-528-1530x02284,New York,United States,F,3/3/2003,
11,Natalie Espinoza DDS,natalie.espinoza.dds@fake_yahoo.com,325-379-6960x933,New York,United States,F,9/8/1970,Public relations account executive
12,Autumn Green,autumn.green@fake_gmail.com,(841)850-4720x0041,New York,United States,F,6/24/2001,
13,Jennifer Henderson,jennifer.henderson@fake_hotmail.com,(859)776-6705x615,New York,United States,F,6/3/1999,"Engineer, control and instrumentation"
14,Jennifer Pearson,jennifer.pearson@fake_yahoo.com,354.559.8541,New York,United States,F,6/23/2006,
15,Corey Lopez,corey.lopez@fake_hotmail.com,7359516571,New York,United States,M,6/27/2000,Records manager
16,Patrick Parker,patrick.parker@fake_hotmail.com,420.510.1425x994,New York,United States,M,12/10/1999,Psychiatrist
17,Jason Wong,jason.wong@fake_yahoo.com,925.672.7219x347,New York,United States,M,9/17/1977,Legal secretary
18,Jasmine Miller,jasmine.miller@fake_hotmail.com,9492316332,New York,United States,F,6/5/2005,
19,Regina Edwards,regina.edwards@fake_yahoo.com,927-209-4313x3292,New York,United States,F,1/23/1995,"Pilot, airline"
20,Ann Hall,ann.hall@fake_hotmail.com,375.997.2367,New York,United States,F,7/8/2005,
21,Bobby Brown,bobby.brown@fake_gmail.com,001-856-231-8439,New York,United States,M,7/25/2000,Public relations officer
22,Jason Mcmillan,jason.mcmillan@fake_hotmail.com,001-406-598-5588x37147,New York,United States,M,9/13/1976,"Nurse, learning disability"
23,Stacey Cohen,stacey.cohen@fake_yahoo.com,775-224-3651x07873,New York,United States,F,12/9/1989,Database administrator
24,Sara Bennett,sara.bennett@fake_hotmail.com,(815)795-1809x90572,New York,United States,F,4/8/1999,"Surveyor, rural practice"
25,Justin Bowman,justin.bowman@fake_gmail.com,+1-902-249-7728x7570,New York,United States,M,6/7/1992,"Geologist, engineering"
26,Connor Baxter,connor.baxter@fake_hotmail.com,807.359.5296x021,New York,United States,M,7/8/1993,Nutritional therapist
27,Margaret Alexander,margaret.alexander@fake_gmail.com,606-285-3439,New York,United States,F,6/14/2003,
28,Jasmine Ramsey,jasmine.ramsey@fake_hotmail.com,+1-260-221-9212x05707,New York,United States,F,9/25/2002,
29,Steven Foster,steven.foster@fake_gmail.com,(440)513-5542x5342,New York,United States,M,2/13/2000,"Optician, dispensing"
30,Wayne Brown,wayne.brown@fake_gmail.com,+1-412-720-4529x07235,New York,United States,M,4/11/2004,
31,Craig Velazquez,craig.velazquez@fake_hotmail.com,220-542-6649,New York,United States,M,10/5/2004,
32,Christopher Mills,christopher.mills@fake_hotmail.com,6003249289,New York,United States,M,9/20/2002,
33,Jonathan Martinez,jonathan.martinez@fake_yahoo.com,834.638.8138x152,New York,United States,M,10/18/2003,
34,Jeffrey Mclaughlin,jeffrey.mclaughlin@fake_hotmail.com,363.584.7490,New York,United States,M,1/3/2001,Biomedical scientist
35,Darryl Martin,darryl.martin@fake_hotmail.com,(812)978-0026,New York,United States,M,3/14/2001,Risk analyst
36,Jimmy Brewer,jimmy.brewer@fake_hotmail.com,953.310.2217,New York,United States,M,8/20/1984,Research scientist (life sciences)
37,Sarah Spencer,sarah.spencer@fake_hotmail.com,475-308-2802,New York,United States,F,3/28/2004,
38,Marisa Waller,marisa.waller@fake_yahoo.com,443-643-3843x197,New York,United States,F,3/27/2003,
39,Alexander Armstrong,alexander.armstrong@fake_hotmail.com,-5915,New York,United States,M,10/11/2004,
40,Charles Alvarado,charles.alvarado@fake_hotmail.com,001-995-998-4630x24816,New York,United States,M,7/7/2001,
41,Katherine Robinson,katherine.robinson@fake_hotmail.com,761.570.0555x542,New York,United States,F,9/24/1994,Marketing executive
42,Leslie Martin,leslie.martin@fake_gmail.com,825.826.5671x7104,New York,United States,F,10/21/2004,
43,April Alexander,april.alexander@fake_hotmail.com,9793160805,New York,United States,F,9/18/1961,Multimedia programmer
44,Ronald Watts,ronald.watts@fake_yahoo.com,001-306-206-4775,New York,United States,M,2/29/2000,"Horticulturist, amenity"
45,Austin Wolf,austin.wolf@fake_gmail.com,8987816537,New York,United States,M,3/15/2007,
46,Michael Jones,michael.jones@fake_yahoo.com,(403)971-6638x931,New York,United States,M,5/26/1994,"Psychotherapist, dance movement"
47,Nicholas Roberts,nicholas.roberts@fake_hotmail.com,852.556.5597,New York,United States,M,8/24/2000,Wellsite geologist
48,Kyle Thomas,kyle.thomas@fake_hotmail.com,+1-549-208-3391x9406,New York,United States,M,6/23/2002,
49,Lance Cruz,lance.cruz@fake_gmail.com,552.325.6514x31351,New York,United States,M,3/27/1988,"Nurse, mental health"
50,Megan Campos,megan.campos@fake_yahoo.com,630-353-8552,New York,United States,F,9/22/2000,Investment analyst
51,Caleb Smith,caleb.smith@fake_hotmail.com,619-619-5357x2482,New York,United States,M,12/21/2004,
52,Brian Nelson,brian.nelson@fake_gmail.com,+1-491-332-7202x8823,New York,United States,M,10/28/2003,
53,Christopher Hardy,christopher.hardy@fake_hotmail.com,949-949-5201x9061,New York,United States,M,1/9/2005,
54,Michael Martin,michael.martin@fake_yahoo.com,+1-977-312-7636x819,New York,United States,M,3/15/1983,Public house manager
55,Hector Farrell,hector.farrell@fake_gmail.com,(792)279-2410x22937,New York,United States,M,3/29/1975,Applications developer
56,Roger Farrell,roger.farrell@fake_hotmail.com,617.701.6602x360,New York,United States,M,10/31/1988,Special educational needs teacher
57,Brian Walker,brian.walker@fake_gmail.com,(765)366-0657x3003,New York,United States,M,7/26/2005,
58,Amanda Kim,amanda.kim@fake_yahoo.com,+1-934-228-2778x503,New York,United States,F,6/19/1999,Administrator
59,Rachel Hansen,rachel.hansen@fake_hotmail.com,001-517-438-4176x531,New York,United States,F,8/13/1991,"Engineer, maintenance"
60,Alexis Ramos,alexis.ramos@fake_hotmail.com,-3544,New York,United States,F,1/7/2004,
61,Heather Neal,heather.neal@fake_gmail.com,(351)518-0546x593,New York,United States,F,4/27/2004,
62,William White,william.white@fake_yahoo.com,950.321.1476x3033,New York,United States,M,1/23/1983,Clothing/textile technologist
63,Chloe Cordova,chloe.cordova@fake_yahoo.com,7114694169,New York,United States,F,1/31/2003,
64,Thomas Obrien,thomas.obrien@fake_gmail.com,395-289-7917x14694,New York,United States,M,2/21/1975,Retail merchandiser
